{
	"format_version": "1.8.0",
	"animations": {
		"idle": {
			"loop": true,
			"animation_length": 10,
			"bones": {
				"head": {
					"rotation": {
						"0.0": [0, 15, 0],
						"5.0": [0, -15, 0],
						"10.0": [0, 15, 0]
					}
				},
				"rightarm": {
					"rotation": [-56.45042, -21.14381, -7.32504],
					"position": [-1, 0, 0]
				},
				"gun": {
					"rotation": [-27.80688, 2.56974, 15.58801]
				},
				"leftarm": {
					"rotation": [-62.09098, 48.20418, 8.83777],
					"position": [1, 0, 0]
				}
			}
		},
		"walk": {
			"loop": true,
			"animation_length": 0.5,
			"bones": {
				"torso": {
					"position": {
						"0.0": [0, 0, 0],
						"0.25": [0, 0.25, 0],
						"0.5": [0, 0, 0]
					}
				},
				"head": {
					"rotation": [0, 0, 0]
				},
				"rightarm": {
					"rotation": {
						"0.0": [-56.45042, -21.14381, -7.32504],
						"0.25": [-61.45042, -21.14381, -7.32504],
						"0.5": [-56.45042, -21.14381, -7.32504]
					},
					"position": [-1, 0, 0]
				},
				"gun": {
					"rotation": [-27.80688, 2.56974, 15.58801]
				},
				"leftarm": {
					"rotation": {
						"0.0": [-62.09098, 48.20418, 8.83777],
						"0.25": [-67.09098, 48.20418, 8.83777],
						"0.5": [-62.09098, 48.20418, 8.83777]
					},
					"position": [1, 0, 0]
				},
				"rightleg": {
					"rotation": {
						"0.0": [20, 0, 0],
						"0.25": [-20, 0, 0],
						"0.5": [20, 0, 0]
					}
				},
				"leftleg": {
					"rotation": {
						"0.0": [-20, 0, 0],
						"0.25": [20, 0, 0],
						"0.5": [-20, 0, 0]
					}
				}
			}
		},
		"shoot": {
			"animation_length": 0.25,
			"bones": {
				"torso": {
					"rotation": {
						"0.0": [0, 0, 0],
						"0.15": [0, 5, 0],
						"0.25": [0, 0, 0]
					},
					"position": [0, 0, 0]
				},
				"head": {
					"rotation": [0, 0, 0]
				},
				"rightarm": {
					"rotation": {
						"0.0": [-56.45042, -21.14381, -7.32504],
						"0.15": [-61.45042, -21.14381, -7.32504],
						"0.25": [-56.45042, -21.14381, -7.32504]
					},
					"position": [-1, 0, 0]
				},
				"gun": {
					"rotation": {
						"0.0": [-27.80688, 2.56974, 15.58801],
						"0.15": [-32.80688, 2.56974, 15.58801],
						"0.25": [-27.80688, 2.56974, 15.58801]
					}
				},
				"leftarm": {
					"rotation": {
						"0.0": [-62.09098, 48.20418, 8.83777],
						"0.15": [-64.59098, 48.20418, 8.83777],
						"0.25": [-62.09098, 48.20418, 8.83777]
					},
					"position": [1, 0, 0]
				}
			}
		}
	}
}