{
	"format_version": "1.8.0",
	"animations": {
		"idle": {
			"loop": true,
			"animation_length": 2,
			"bones": {
				"root": {
					"position": {
						"0.0": {
							"vector": [0, 0, 0]
						},
						"1.25": {
							"vector": [0, 0.15, 0],
							"easing": "easeInExpo"
						},
						"2.0": {
							"vector": [0, 0, 0],
							"easing": "easeOutElastic"
						}
					}
				}
			}
		},
		"reload": {
			"animation_length": 3.8691,
			"bones": {
				"root": {
					"rotation": {
						"0.0": [0, 0, 0],
						"0.5833": [-54.13272, -5.07855, -19.37006],
						"1.2917": [-54.13272, -5.07855, -19.37006],
						"1.6667": [-14.13272, -5.07855, -19.37006],
						"2.1667": [0, 0, 0]
					}
				},
				"leftarm": {
					"rotation": {
						"0.0": [0, 0, 0],
						"0.875": [0, 0, 50],
						"1.875": [0, 0, 50],
						"2.1667": [0, 0, 0]
					},
					"position": {
						"0.0": [0, 0, 0],
						"0.875": [-2, -8, -1],
						"1.0833": [-2, -19, 14],
						"1.5833": [-2, -19, 14],
						"1.875": [-2, -8, -1],
						"2.1667": [0, 0, 0]
					}
				},
				"gun": {
					"rotation": {
						"0.0": [0, 0, 0],
						"0.2083": [-5, 0, 0],
						"0.4167": [0, 0, 0],
						"1.5833": [0, 0, 0],
						"1.7917": [-5, 0, 0],
						"2.0": [0, 0, 0]
					}
				},
				"mag": {
					"position": {
						"0.875": [0, 0, 0],
						"1.0833": [0, -11, 15],
						"1.5833": [0, -11, 15],
						"1.875": [0, 0, 0]
					}
				},
				"rightarm": {
					"rotation": {
						"0.0": [0, 0, 0],
						"0.2083": [5, 0, 0],
						"0.4167": [0, 0, 0],
						"1.5": [0, 0, 0],
						"1.7083": [5, 0, 0],
						"1.9167": [0, 0, 0]
					}
				}
			}
		}
	},
	"geckolib_format_version": 2
}